-- phpMyAdmin SQL Dump
-- version 5.2.1
-- https://www.phpmyadmin.net/
--
-- Servidor: mysqlfinal
-- Tiempo de generación: 04-12-2024 a las 14:39:23
-- Versión del servidor: 8.0.40
-- Versión de PHP: 8.2.12

SET SQL_MODE = "NO_AUTO_VALUE_ON_ZERO";
START TRANSACTION;
SET time_zone = "+00:00";


/*!40101 SET @OLD_CHARACTER_SET_CLIENT=@@CHARACTER_SET_CLIENT */;
/*!40101 SET @OLD_CHARACTER_SET_RESULTS=@@CHARACTER_SET_RESULTS */;
/*!40101 SET @OLD_COLLATION_CONNECTION=@@COLLATION_CONNECTION */;
/*!40101 SET NAMES utf8mb4 */;

--
-- Base de datos: `nasa`
--

-- --------------------------------------------------------

--
-- Estructura de tabla para la tabla `Alumno`
--

CREATE TABLE `Alumno` (
  `id` int NOT NULL,
  `apellido` varchar(255) DEFAULT NULL,
  `fechaNacimiento` date DEFAULT NULL,
  `nombre` varchar(255) DEFAULT NULL
) ENGINE=InnoDB DEFAULT CHARSET=utf8mb4 COLLATE=utf8mb4_0900_ai_ci;

--
-- Volcado de datos para la tabla `Alumno`
--

INSERT INTO `Alumno` (`id`, `apellido`, `fechaNacimiento`, `nombre`) VALUES
(2, 'Castro', '2024-11-12', 'Guido'),
(52, 'Figueroa', '2024-11-13', 'Guido'),
(102, 'Disney', '2024-11-14', 'Pinocho'),
(152, '123456', '2024-11-14', 'jjajaa'),
(202, '123456', '2024-11-14', 'nuevo13');

-- --------------------------------------------------------

--
-- Estructura de tabla para la tabla `Alumno_SEQ`
--

CREATE TABLE `Alumno_SEQ` (
  `next_val` bigint DEFAULT NULL
) ENGINE=InnoDB DEFAULT CHARSET=utf8mb4 COLLATE=utf8mb4_0900_ai_ci;

--
-- Volcado de datos para la tabla `Alumno_SEQ`
--

INSERT INTO `Alumno_SEQ` (`next_val`) VALUES
(301);

-- --------------------------------------------------------

--
-- Estructura de tabla para la tabla `Aproach`
--

CREATE TABLE `Aproach` (
  `id` bigint NOT NULL,
  `approach_date` date DEFAULT NULL,
  `distance` float DEFAULT NULL,
  `orbiting_body` varchar(255) DEFAULT NULL,
  `velocity` float DEFAULT NULL,
  `asteroid_id` bigint DEFAULT NULL
) ENGINE=InnoDB DEFAULT CHARSET=utf8mb4 COLLATE=utf8mb4_0900_ai_ci;

--
-- Volcado de datos para la tabla `Aproach`
--

INSERT INTO `Aproach` (`id`, `approach_date`, `distance`, `orbiting_body`, `velocity`, `asteroid_id`) VALUES
(3799, '1900-12-27', 122.507, 'Earth', 5.57862, 270),
(3800, '1907-11-05', 183.408, 'Earth', 4.39449, 270),
(3801, '1917-04-20', 194.211, 'Earth', 4.81678, 270),
(3802, '1924-03-05', 139.957, 'Earth', 4.59606, 270),
(3803, '1931-01-30', 67.7145, 'Earth', 5.92082, 270),
(3804, '1938-01-13', 83.637, 'Earth', 6.08405, 270),
(3805, '1944-11-27', 156.771, 'Earth', 3.6261, 270),
(3806, '1961-04-04', 172.129, 'Earth', 3.70784, 270),
(3807, '1968-02-11', 103.58, 'Earth', 6.06688, 270),
(3808, '1975-01-23', 58.7912, 'Earth', 5.82531, 270),
(3809, '1981-12-29', 120.002, 'Earth', 5.66527, 270),
(3810, '1988-11-06', 181.912, 'Earth', 4.3059, 270),
(3811, '2005-03-08', 142.206, 'Earth', 4.41229, 270),
(3812, '2012-01-31', 69.5049, 'Earth', 5.9452, 270),
(3813, '2019-01-15', 81.1449, 'Earth', 6.04492, 270),
(3814, '2025-11-30', 154.685, 'Earth', 3.72885, 270),
(3815, '2042-04-06', 173.549, 'Earth', 3.72522, 270),
(3816, '2049-02-12', 106.024, 'Earth', 6.05906, 270),
(3817, '2056-01-24', 58.2653, 'Earth', 5.82076, 270),
(3818, '2062-12-31', 117.849, 'Earth', 5.73224, 270),
(3819, '2069-11-08', 180.779, 'Earth', 4.24542, 270),
(3820, '2086-03-11', 144.44, 'Earth', 4.22586, 270),
(3821, '2093-01-31', 70.9785, 'Earth', 5.97491, 270),
(3822, '2100-01-16', 79.309, 'Earth', 6.01492, 270),
(3823, '2106-12-04', 152.601, 'Earth', 3.85303, 270),
(3824, '2123-04-10', 174.934, 'Earth', 3.75372, 270),
(3825, '2130-02-14', 108.206, 'Earth', 6.03819, 270),
(3826, '2137-01-25', 58.1408, 'Earth', 5.81428, 270),
(3827, '2144-01-03', 115.37, 'Earth', 5.79435, 270),
(3828, '2150-11-12', 179.308, 'Earth', 4.1745, 270),
(3829, '2167-03-16', 146.822, 'Earth', 4.02625, 270),
(3830, '2174-02-03', 73.2877, 'Earth', 6.00554, 270),
(3831, '2181-01-17', 77.0262, 'Earth', 5.98984, 270),
(3832, '2187-12-06', 150.665, 'Earth', 3.98338, 270),
(3833, '1909-08-21', 664.713, 'Juptr', 3.44603, 271),
(3834, '1911-09-08', 79.9324, 'Earth', 7.18484, 271),
(3835, '1941-09-08', 80.005, 'Earth', 7.30961, 271),
(3836, '1956-09-12', 551.263, 'Juptr', 3.26346, 271),
(3837, '1971-09-06', 122.438, 'Earth', 7.66557, 271),
(3838, '2001-09-05', 110.728, 'Earth', 7.65322, 271),
(3839, '2003-10-26', 578.287, 'Juptr', 3.72413, 271),
(3840, '2048-09-19', 165.583, 'Earth', 13.0394, 271),
(3841, '2050-11-15', 762.113, 'Juptr', 5.00484, 271),
(3842, '2063-10-10', 608.328, 'Juptr', 3.41634, 271),
(3843, '2078-09-10', 83.0358, 'Earth', 7.52225, 271),
(3844, '2108-09-07', 99.919, 'Earth', 7.81869, 271),
(3845, '2110-11-08', 540.692, 'Juptr', 3.467, 271),
(3846, '2138-09-08', 143.06, 'Earth', 8.60622, 271),
(3847, '2157-12-03', 639.682, 'Juptr', 4.24583, 271),
(3848, '2170-11-10', 709.086, 'Juptr', 3.7528, 271),
(3849, '2185-09-13', 85.6079, 'Earth', 8.31738, 271),
(3850, '1974-01-04', 53.2069, 'Earth', 7.09597, 272),
(3851, '2025-01-08', 31.9749, 'Earth', 8.2487, 272),
(3852, '2087-01-25', 64.7005, 'Earth', 11.269, 272),
(3853, '1910-02-25', 760.984, 'Juptr', 6.30387, 273),
(3854, '2040-06-30', 761.516, 'Juptr', 6.67287, 273),
(3855, '2050-12-07', 37.2114, 'Mars', 14.9803, 273),
(3856, '2088-05-12', 762.351, 'Juptr', 6.22039, 273),
(3857, '2176-12-16', 11.1579, 'Mars', 15.7499, 273),
(3858, '1908-03-14', 71.5413, 'Earth', 10.7701, 274),
(3859, '1916-03-17', 52.682, 'Earth', 9.55751, 274),
(3860, '1924-03-20', 45.2111, 'Earth', 8.85562, 274),
(3861, '1932-03-22', 41.9453, 'Earth', 8.39493, 274),
(3862, '1940-03-22', 40.9528, 'Earth', 8.36842, 274),
(3863, '1948-03-21', 42.7361, 'Earth', 8.57476, 274),
(3864, '1956-03-21', 44.662, 'Earth', 8.71842, 274),
(3865, '1964-03-19', 49.8624, 'Earth', 9.31287, 274),
(3866, '1972-03-14', 76.0152, 'Earth', 11.081, 274),
(3867, '2089-04-07', 76.8225, 'Earth', 7.9002, 274),
(3868, '2097-03-31', 54.6652, 'Earth', 7.56478, 274),
(3869, '2105-03-28', 44.3369, 'Earth', 7.85023, 274),
(3870, '2113-03-28', 44.8691, 'Earth', 7.82709, 274),
(3871, '2121-03-27', 43.1596, 'Earth', 7.97465, 274),
(3872, '2129-03-25', 42.1283, 'Earth', 8.25904, 274),
(3873, '2137-03-26', 43.1331, 'Earth', 8.11548, 274),
(3874, '2145-03-25', 42.4721, 'Earth', 8.23184, 274),
(3875, '2153-03-23', 44.6012, 'Earth', 8.78014, 274),
(3876, '2161-03-21', 51.1453, 'Earth', 9.30097, 274),
(3877, '2169-03-18', 66.0531, 'Earth', 10.4841, 274),
(3878, '1902-06-11', 32.8642, 'Earth', 27.0081, 275),
(3879, '1906-09-01', 150.176, 'Earth', 25.152, 275),
(3880, '1911-06-08', 130.776, 'Earth', 21.4738, 275),
(3881, '1912-06-26', 119.443, 'Earth', 38.3333, 275),
(3882, '1914-08-09', 38.6625, 'Merc', 42.8975, 275),
(3883, '1915-08-21', 157.102, 'Earth', 33.268, 275),
(3884, '1921-06-15', 22.271, 'Earth', 30.2013, 275),
(3885, '1925-09-05', 169.565, 'Earth', 21.9054, 275),
(3886, '1928-02-18', 51.8155, 'Venus', 30.4454, 275),
(3887, '1930-06-08', 85.5984, 'Earth', 23.5674, 275),
(3888, '1931-07-02', 164.665, 'Earth', 42.2781, 275),
(3889, '1934-08-27', 144.718, 'Earth', 29.3931, 275),
(3890, '1939-06-10', 178.289, 'Earth', 20.2648, 275),
(3891, '1939-06-14', 27.9799, 'Mars', 24.5293, 275),
(3892, '1940-06-09', 41.8955, 'Venus', 32.0968, 275),
(3893, '1940-06-20', 67.9621, 'Earth', 34.055, 275),
(3894, '1943-08-15', 183.73, 'Earth', 37.6203, 275),
(3895, '1949-04-19', 35.7928, 'Merc', 35.667, 275),
(3896, '1949-06-11', 38.3938, 'Earth', 26.5515, 275),
(3897, '1952-09-29', 35.6535, 'Venus', 33.6738, 275),
(3898, '1953-09-01', 148.122, 'Earth', 25.6558, 275),
(3899, '1958-06-08', 137.383, 'Earth', 21.2294, 275),
(3900, '1959-06-26', 112.36, 'Earth', 37.7427, 275),
(3901, '1962-08-21', 159.887, 'Earth', 33.9211, 275),
(3902, '1965-01-19', 33.8219, 'Venus', 34.7789, 275),
(3903, '1968-04-25', 35.5898, 'Merc', 40.583, 275),
(3904, '1968-06-14', 16.5256, 'Earth', 29.605, 275),
(3905, '1972-09-04', 165.256, 'Earth', 22.4264, 275),
(3906, '1977-05-11', 36.2826, 'Venus', 36.6241, 275),
(3907, '1977-06-08', 92.8457, 'Earth', 23.1596, 275),
(3908, '1978-07-02', 157.683, 'Earth', 41.6895, 275),
(3909, '1981-08-26', 145.15, 'Earth', 29.9245, 275),
(3910, '1986-06-11', 183.11, 'Earth', 20.2063, 275),
(3911, '1986-06-18', 24.368, 'Mars', 22.8737, 275),
(3912, '1987-05-05', 38.1652, 'Merc', 42.7989, 275),
(3913, '1987-06-21', 62.5235, 'Earth', 33.6426, 275),
(3914, '1989-09-01', 45.8663, 'Venus', 38.8313, 275),
(3915, '1990-08-15', 185.77, 'Earth', 37.9701, 275),
(3916, '1996-06-11', 39.3646, 'Earth', 26.461, 275),
(3917, '2000-09-01', 147.876, 'Earth', 25.618, 275),
(3918, '2005-06-08', 134.911, 'Earth', 21.3246, 275),
(3919, '2006-06-27', 115.526, 'Earth', 38.0518, 275),
(3920, '2009-08-21', 157.231, 'Earth', 33.479, 275),
(3921, '2015-06-16', 20.9423, 'Earth', 30.2226, 275),
(3922, '2019-09-06', 170.703, 'Earth', 21.703, 275),
(3923, '2024-06-09', 80.0036, 'Earth', 23.8736, 275),
(3924, '2025-05-24', 37.2845, 'Merc', 42.2724, 275),
(3925, '2025-07-03', 170.237, 'Earth', 42.8343, 275),
(3926, '2028-08-28', 143.352, 'Earth', 28.7145, 275),
(3927, '2033-04-30', 53.7925, 'Venus', 30.0362, 275),
(3928, '2033-06-10', 169.076, 'Earth', 20.4008, 275),
(3929, '2034-06-22', 78.8831, 'Earth', 35.02, 275),
(3930, '2037-08-17', 175.017, 'Earth', 36.4965, 275),
(3931, '2043-06-13', 22.8067, 'Earth', 27.7088, 275),
(3932, '2044-06-04', 34.626, 'Merc', 39.8896, 275),
(3933, '2045-08-21', 38.5083, 'Venus', 32.5298, 275),
(3934, '2047-09-04', 152.99, 'Earth', 24.2882, 275),
(3935, '2052-06-08', 119.315, 'Earth', 21.9008, 275),
(3936, '2053-06-29', 130.939, 'Earth', 39.3765, 275),
(3937, '2056-08-23', 151.122, 'Earth', 32.2074, 275),
(3938, '2057-12-11', 32.9631, 'Venus', 34.1517, 275),
(3939, '2062-06-18', 32.4431, 'Earth', 31.2749, 275),
(3940, '2066-09-06', 177.294, 'Earth', 20.9948, 275),
(3941, '2070-04-02', 33.6548, 'Venus', 36.2349, 275),
(3942, '2071-06-10', 69.8046, 'Earth', 24.4508, 275),
(3943, '2072-07-05', 179.251, 'Earth', 43.6468, 275),
(3944, '2074-11-13', 23.5458, 'Mars', 24.0502, 275),
(3945, '2075-08-30', 142.927, 'Earth', 28.005, 275),
(3946, '2080-06-09', 162.889, 'Earth', 20.5164, 275),
(3947, '2081-06-23', 85.7524, 'Earth', 35.59, 275),
(3948, '2082-07-24', 43.4515, 'Venus', 38.6175, 275),
(3949, '2084-08-18', 170.7, 'Earth', 35.9179, 275),
(3950, '2090-06-14', 16.9362, 'Earth', 28.1697, 275),
(3951, '2094-09-04', 155.172, 'Earth', 23.8338, 275),
(3952, '2094-11-14', 57.574, 'Venus', 40.969, 275),
(3953, '2099-06-09', 113.193, 'Earth', 22.1497, 275),
(3954, '2100-06-30', 137.217, 'Earth', 39.9341, 275),
(3955, '2103-08-26', 148.73, 'Earth', 31.6955, 275),
(3956, '2109-06-19', 38.4633, 'Earth', 31.7892, 275),
(3957, '2113-09-08', 181.61, 'Earth', 20.5936, 275),
(3958, '2117-03-05', 37.331, 'Merc', 35.4787, 275),
(3959, '2118-06-11', 63.0568, 'Earth', 24.8495, 275),
(3960, '2119-07-07', 185.318, 'Earth', 44.2344, 275),
(3961, '2121-11-20', 27.8973, 'Mars', 22.8117, 275),
(3962, '2122-09-01', 142.852, 'Earth', 27.5181, 275),
(3963, '2127-06-11', 158.428, 'Earth', 20.627, 275),
(3964, '2128-06-25', 90.1095, 'Earth', 35.9826, 275),
(3965, '2131-08-21', 168.324, 'Earth', 35.6259, 275),
(3966, '2136-03-13', 34.344, 'Merc', 35.3308, 275),
(3967, '2137-06-15', 15.3893, 'Earth', 28.2663, 275),
(3968, '2138-07-13', 54.7791, 'Venus', 29.7953, 275),
(3969, '2141-09-05', 154.405, 'Earth', 23.894, 275),
(3970, '2146-06-10', 117.407, 'Earth', 21.9808, 275),
(3971, '2147-07-01', 132.154, 'Earth', 39.5328, 275),
(3972, '2150-08-25', 150.354, 'Earth', 32.234, 275),
(3973, '2150-11-01', 51.2201, 'Venus', 30.2688, 275),
(3974, '2156-06-18', 27.3652, 'Earth', 30.9443, 275),
(3975, '2160-09-07', 172.842, 'Earth', 21.373, 275),
(3976, '2163-02-21', 45.8978, 'Venus', 31.0204, 275),
(3977, '2163-04-10', 26.3641, 'Mars', 24.1522, 275),
(3978, '2165-06-11', 79.7675, 'Earth', 23.865, 275),
(3979, '2166-07-05', 168.79, 'Earth', 42.7539, 275),
(3980, '2169-08-30', 142.281, 'Earth', 29.0536, 275),
(3981, '2170-11-17', 33.5601, 'Merc', 35.6059, 275),
(3982, '2174-06-12', 178.368, 'Earth', 20.2156, 275),
(3983, '2175-06-12', 40.7995, 'Venus', 31.8118, 275),
(3984, '2175-06-23', 66.9793, 'Earth', 34.1302, 275),
(3985, '2178-08-17', 182.295, 'Earth', 37.71, 275),
(3986, '2184-06-13', 41.613, 'Earth', 26.2548, 275),
(3987, '2187-10-02', 37.6152, 'Venus', 32.3581, 275),
(3988, '2188-09-03', 144.799, 'Earth', 26.1298, 275),
(3989, '2193-06-10', 147.185, 'Earth', 20.8934, 275),
(3990, '2194-06-27', 101.05, 'Earth', 36.9177, 275),
(3991, '2197-08-22', 163.558, 'Earth', 34.9342, 275),
(3992, '2200-01-21', 37.6669, 'Venus', 32.3136, 275),
(3993, '1911-05-07', 188.909, 'Earth', 28.687, 276),
(3994, '1924-05-10', 149.113, 'Earth', 28.2362, 276),
(3995, '1929-06-09', 719.478, 'Juptr', 11.3577, 276),
(3996, '1937-05-14', 107.001, 'Earth', 27.9374, 276),
(3997, '1950-05-18', 73.2038, 'Earth', 27.8499, 276),
(3998, '1963-05-19', 61.4134, 'Earth', 27.9571, 276),
(3999, '1965-03-17', 747.901, 'Juptr', 11.1486, 276),
(4000, '1976-05-22', 50.4932, 'Earth', 28.2281, 276),
(4001, '1989-05-27', 71.9486, 'Earth', 28.8707, 276),
(4002, '2002-05-29', 92.5031, 'Earth', 29.2105, 276),
(4003, '2015-06-03', 137, 'Earth', 30.3291, 276),
(4004, '2028-06-07', 185.882, 'Earth', 31.8637, 276),
(4005, '2059-08-19', 768.094, 'Juptr', 12.0655, 276),
(4006, '2090-05-08', 188.968, 'Earth', 28.7178, 276),
(4007, '2095-05-29', 725.559, 'Juptr', 11.5816, 276),
(4008, '2103-05-13', 147.853, 'Earth', 28.2328, 276),
(4009, '2116-05-15', 111.946, 'Earth', 27.8884, 276),
(4010, '2129-05-17', 94.0244, 'Earth', 27.87, 276),
(4011, '2131-03-07', 726.286, 'Juptr', 11.3253, 276),
(4012, '2142-05-21', 67.927, 'Earth', 27.9024, 276),
(4013, '2155-05-25', 58.6536, 'Earth', 28.1814, 276),
(4014, '2166-12-13', 768.333, 'Juptr', 11.2307, 276),
(4015, '2168-05-26', 67.1419, 'Earth', 28.3357, 276),
(4016, '2181-05-29', 92.4108, 'Earth', 28.8924, 276),
(4017, '2194-06-02', 130.296, 'Earth', 29.8783, 276),
(4018, '1901-08-23', 13.1868, 'Earth', 11.7628, 277),
(4019, '1908-02-27', 135.689, 'Earth', 8.11645, 277),
(4020, '1908-06-07', 109.558, 'Earth', 8.58385, 277),
(4021, '1908-08-31', 140.943, 'Earth', 7.08128, 277),
(4022, '1915-03-14', 31.7422, 'Earth', 12.1053, 277),
(4023, '1919-09-08', 121.038, 'Earth', 20.0282, 277),
(4024, '1922-02-27', 152.391, 'Earth', 22.2398, 277),
(4025, '1926-08-21', 25.8625, 'Earth', 10.5596, 277),
(4026, '1933-03-11', 106.464, 'Earth', 7.65408, 277),
(4027, '1933-05-08', 105.326, 'Earth', 7.79122, 277),
(4028, '1933-09-19', 168.614, 'Earth', 7.90979, 277),
(4029, '1940-03-09', 57.1945, 'Earth', 14.9941, 277),
(4030, '1944-09-02', 74.5471, 'Earth', 16.7374, 277),
(4031, '1951-02-10', 179.52, 'Earth', 9.17711, 277),
(4032, '1951-08-08', 75.3309, 'Earth', 7.99589, 277),
(4033, '1958-03-18', 58.9351, 'Earth', 9.05537, 277),
(4034, '1962-09-13', 169.754, 'Earth', 23.5595, 277),
(4035, '1965-03-04', 106.065, 'Earth', 18.7506, 277),
(4036, '1969-08-27', 23.5747, 'Earth', 13.1765, 277),
(4037, '1976-02-22', 149.645, 'Earth', 8.45407, 277),
(4038, '1976-06-23', 105.468, 'Earth', 8.53303, 277),
(4039, '1983-03-16', 34.7995, 'Earth', 11.0597, 277),
(4040, '1987-09-10', 140.866, 'Earth', 21.4485, 277),
(4041, '1990-03-02', 130.003, 'Earth', 20.5263, 277),
(4042, '1994-08-25', 12.9555, 'Earth', 12.2172, 277),
(4043, '2001-02-20', 152.132, 'Earth', 8.5412, 277),
(4044, '2001-06-27', 103.897, 'Earth', 8.50068, 277),
(4045, '2008-03-17', 48.665, 'Earth', 9.74386, 277),
(4046, '2012-09-14', 173.562, 'Earth', 23.8467, 277),
(4047, '2015-03-07', 92.7462, 'Earth', 17.7053, 277),
(4048, '2019-08-31', 53.3932, 'Earth', 15.2835, 277),
(4049, '2026-02-09', 183.971, 'Earth', 9.31184, 277),
(4050, '2026-08-12', 66.3001, 'Earth', 8.36154, 277),
(4051, '2033-03-14', 95.4576, 'Earth', 7.73712, 277),
(4052, '2033-09-23', 176.918, 'Earth', 8.0798, 277),
(4053, '2040-03-12', 44.2054, 'Earth', 13.743, 277),
(4054, '2044-09-06', 109.483, 'Earth', 19.2045, 277),
(4055, '2047-02-28', 156.96, 'Earth', 22.544, 277),
(4056, '2051-08-23', 18.626, 'Earth', 11.013, 277),
(4057, '2058-03-04', 122.946, 'Earth', 7.92564, 277),
(4058, '2058-05-28', 109.69, 'Earth', 8.40399, 277),
(4059, '2058-09-11', 154.054, 'Earth', 7.41454, 277),
(4060, '2065-03-13', 37.5766, 'Earth', 12.9517, 277),
(4061, '2069-09-07', 110.605, 'Earth', 19.2698, 277),
(4062, '2072-02-28', 161.404, 'Earth', 22.8748, 277),
(4063, '2076-08-20', 30.486, 'Earth', 10.2248, 277),
(4064, '2083-03-12', 104.466, 'Earth', 7.74501, 277),
(4065, '2083-05-08', 104.975, 'Earth', 7.64848, 277),
(4066, '2083-09-20', 170.712, 'Earth', 7.86924, 277),
(4067, '2090-03-11', 58.664, 'Earth', 15.0059, 277),
(4068, '2094-09-03', 73.9191, 'Earth', 16.6943, 277),
(4069, '2101-02-12', 177.327, 'Earth', 9.16925, 277),
(4070, '2101-08-07', 77.0364, 'Earth', 8.01193, 277),
(4071, '2108-03-18', 54.2909, 'Earth', 9.39052, 277),
(4072, '2112-09-14', 160.103, 'Earth', 22.8446, 277),
(4073, '2115-03-06', 117.842, 'Earth', 19.5634, 277),
(4074, '2119-08-27', 13.0768, 'Earth', 12.389, 277),
(4075, '2126-02-25', 145.863, 'Earth', 8.45483, 277),
(4076, '2126-06-23', 106.138, 'Earth', 8.60683, 277),
(4077, '2133-03-18', 39.1311, 'Earth', 10.6944, 277),
(4078, '2137-09-13', 153.068, 'Earth', 22.3426, 277),
(4079, '2140-03-05', 116.099, 'Earth', 19.4255, 277),
(4080, '2144-08-29', 27.4345, 'Earth', 13.5183, 277),
(4081, '2151-02-17', 166.752, 'Earth', 8.96078, 277),
(4082, '2151-07-22', 90.2282, 'Earth', 8.08451, 277),
(4083, '2158-03-20', 68.1092, 'Earth', 8.64556, 277),
(4084, '2165-03-11', 70.1684, 'Earth', 15.8837, 277),
(4085, '2169-09-05', 81.9734, 'Earth', 17.2657, 277),
(4086, '2172-02-28', 182.201, 'Earth', 24.4218, 277),
(4087, '2176-08-20', 36.4236, 'Earth', 9.87251, 277),
(4088, '2183-03-08', 117.263, 'Earth', 7.89295, 277),
(4089, '2183-05-26', 109.076, 'Earth', 8.25534, 277),
(4090, '2183-09-15', 159.547, 'Earth', 7.50599, 277),
(4091, '2190-03-16', 37.5611, 'Earth', 12.7193, 277),
(4092, '2194-09-10', 118.816, 'Earth', 19.8591, 277),
(4093, '2197-03-02', 151.132, 'Earth', 22.0538, 277),
(4094, '1929-07-19', 64.7771, 'Earth', 6.54987, 278),
(4095, '1957-07-21', 58.4199, 'Earth', 6.29271, 278),
(4096, '2046-08-06', 69.0386, 'Earth', 7.83199, 278),
(4097, '2074-08-03', 54.7474, 'Earth', 6.97132, 278),
(4098, '2102-08-06', 61.0544, 'Earth', 7.31424, 278),
(4099, '2181-07-21', 64.7569, 'Earth', 6.79379, 278),
(4100, '1908-08-04', 68.8655, 'Earth', 16.1351, 279),
(4101, '1916-08-05', 60.0619, 'Earth', 15.1885, 279),
(4102, '1924-08-07', 53.8176, 'Earth', 14.351, 279),
(4103, '1932-08-08', 50.2314, 'Earth', 13.7183, 279),
(4104, '1940-08-09', 48.4907, 'Earth', 13.2808, 279),
(4105, '1948-08-10', 48.0989, 'Earth', 13.0972, 279),
(4106, '1956-08-09', 48.3834, 'Earth', 13.1963, 279),
(4107, '1964-08-09', 49.4343, 'Earth', 13.4823, 279),
(4108, '1972-08-08', 52.7094, 'Earth', 14.1139, 279),
(4109, '1980-08-06', 59.8572, 'Earth', 15.1156, 279),
(4110, '1988-08-04', 71.0192, 'Earth', 16.3159, 279),
(4111, '2008-01-24', 76.3768, 'Earth', 18.0866, 279),
(4112, '2016-01-22', 60.898, 'Earth', 16.8899, 279),
(4113, '2024-01-20', 51.7615, 'Earth', 16.1741, 279),
(4114, '2032-01-20', 50.1054, 'Earth', 16.0339, 279),
(4115, '2040-01-21', 53.8199, 'Earth', 16.3308, 279),
(4116, '2048-01-23', 64.3222, 'Earth', 17.1582, 279),
(4117, '2076-08-05', 73.8401, 'Earth', 16.5015, 279),
(4118, '2084-08-06', 67.3541, 'Earth', 15.8249, 279),
(4119, '2092-08-06', 65.8069, 'Earth', 15.6457, 279),
(4120, '2100-08-07', 68.5522, 'Earth', 15.9508, 279),
(4121, '2108-08-06', 76.9135, 'Earth', 16.77, 279),
(4122, '2128-01-25', 68.6631, 'Earth', 17.4221, 279),
(4123, '2136-01-22', 48.9514, 'Earth', 15.8644, 279),
(4124, '2144-01-19', 35.1294, 'Earth', 14.6895, 279),
(4125, '2152-01-18', 28.7943, 'Earth', 14.0743, 279),
(4126, '2160-01-18', 29.3316, 'Earth', 14.1325, 279),
(4127, '2168-01-20', 37.8518, 'Earth', 14.9218, 279),
(4128, '2170-10-20', 31.4077, 'Mars', 10.9333, 279),
(4129, '2176-01-23', 52.0148, 'Earth', 16.1002, 279),
(4130, '2184-01-26', 68.6902, 'Earth', 17.4237, 279),
(4131, '2193-08-02', 53.4983, 'Venus', 8.6831, 279),
(4132, '1905-10-06', 103.877, 'Earth', 12.3119, 280),
(4133, '1907-04-29', 93.1543, 'Earth', 24.2864, 280),
(4134, '1911-01-29', 25.5863, 'Venus', 11.6407, 280),
(4135, '1914-08-20', 145.245, 'Earth', 16.786, 280),
(4136, '1921-11-28', 140.628, 'Earth', 28.1572, 280),
(4137, '1923-07-05', 128.253, 'Earth', 14.0369, 280),
(4138, '1930-09-25', 33.5668, 'Venus', 11.6496, 280),
(4139, '1930-11-11', 10.9961, 'Earth', 17.7832, 280),
(4140, '1932-05-15', 29.1764, 'Earth', 15.2931, 280),
(4141, '1939-10-14', 94.3055, 'Earth', 11.8105, 280),
(4142, '1941-05-01', 77.1999, 'Earth', 23.0318, 280),
(4143, '1946-07-02', 19.7066, 'Mars', 11.6479, 280),
(4144, '1948-08-30', 140.769, 'Earth', 16.2706, 280),
(4145, '1950-04-18', 181.63, 'Earth', 31.1413, 280),
(4146, '1950-06-26', 3.86939, 'Venus', 13.5221, 280),
(4147, '1955-11-28', 134.432, 'Earth', 27.6586, 280),
(4148, '1957-06-26', 119.912, 'Earth', 12.9667, 280),
(4149, '1964-10-26', 72.1324, 'Earth', 12.1717, 280),
(4150, '1966-05-02', 72.4783, 'Earth', 22.6579, 280),
(4151, '1968-04-15', 27.0443, 'Venus', 11.6321, 280),
(4152, '1973-08-03', 145.811, 'Earth', 16.6762, 280),
(4153, '1980-11-13', 21.5823, 'Earth', 18.7763, 280),
(4154, '1982-05-14', 22.8336, 'Earth', 15.8094, 280),
(4155, '1986-01-22', 33.1739, 'Venus', 11.5654, 280),
(4156, '1989-09-10', 133.147, 'Earth', 15.3279, 280),
(4157, '1991-04-21', 166.438, 'Earth', 29.9273, 280),
(4158, '1996-12-01', 159.907, 'Earth', 29.6491, 280),
(4159, '1998-07-09', 131.798, 'Earth', 14.5084, 280),
(4160, '2003-12-02', 34.7724, 'Venus', 11.6549, 280),
(4161, '2005-11-06', 29.2707, 'Earth', 15.2288, 280),
(4162, '2007-05-08', 27.783, 'Earth', 19.1791, 280),
(4163, '2014-08-21', 145.153, 'Earth', 16.7836, 280),
(4164, '2021-09-18', 27.1501, 'Venus', 11.875, 280),
(4165, '2021-11-22', 82.3198, 'Earth', 23.5546, 280),
(4166, '2023-05-30', 82.786, 'Earth', 11.4188, 280),
(4167, '2030-10-04', 108.67, 'Earth', 12.7071, 280),
(4168, '2032-04-26', 115.07, 'Earth', 25.9363, 280),
(4169, '2037-11-15', 55.6922, 'Venus', 20.8672, 280),
(4170, '2039-07-17', 22.5543, 'Venus', 12.9033, 280),
(4171, '2039-07-26', 142.705, 'Earth', 16.1278, 280),
(4172, '2046-11-13', 13.7285, 'Earth', 17.9825, 280),
(4173, '2048-05-13', 19.3568, 'Earth', 16.1498, 280),
(4174, '2049-12-13', 23.7831, 'Mars', 11.1823, 280),
(4175, '2055-09-18', 127.23, 'Earth', 14.6273, 280),
(4176, '2057-04-23', 144.685, 'Earth', 28.2355, 280),
(4177, '2057-06-06', 33.7667, 'Venus', 11.6018, 280),
(4178, '2064-07-25', 142.515, 'Earth', 16.1403, 280),
(4179, '2071-11-17', 41.4734, 'Earth', 20.3379, 280),
(4180, '2073-05-20', 51.3207, 'Earth', 13.5791, 280),
(4181, '2075-05-17', 3.23058, 'Venus', 14.3167, 280),
(4182, '2077-01-20', 22.8038, 'Venus', 14.4809, 280),
(4183, '2080-11-05', 38.0933, 'Earth', 14.572, 280),
(4184, '2082-05-12', 12.9566, 'Earth', 17.507, 280),
(4185, '2087-07-23', 30.2324, 'Mars', 12.7346, 280),
(4186, '2089-10-22', 81.474, 'Earth', 11.8522, 280),
(4187, '2091-05-06', 52.726, 'Earth', 21.1515, 280),
(4188, '2098-08-30', 34.5065, 'Venus', 11.6942, 280),
(4189, '2098-09-25', 119.797, 'Earth', 13.8287, 280),
(4190, '2100-04-29', 108.09, 'Earth', 25.4139, 280),
(4191, '2107-09-04', 139.209, 'Earth', 16.1517, 280),
(4192, '2109-04-22', 167.568, 'Earth', 30.0486, 280),
(4193, '2116-08-14', 146.102, 'Earth', 16.8983, 280),
(4194, '2120-03-24', 31.5212, 'Venus', 11.644, 280),
(4195, '2123-12-05', 173.124, 'Earth', 30.711, 280),
(4196, '2125-07-24', 140.825, 'Earth', 15.8758, 280),
(4197, '2132-11-26', 106.202, 'Earth', 25.4277, 280),
(4198, '2134-06-29', 119.811, 'Earth', 12.9803, 280),
(4199, '2141-10-10', 26.9942, 'Venus', 11.6505, 280),
(4200, '2141-11-19', 44.495, 'Earth', 20.5863, 280),
(4201, '2143-05-28', 71.8552, 'Earth', 12.1054, 280),
(4202, '2150-11-10', 22.4742, 'Earth', 15.851, 280),
(4203, '2152-05-14', 15.6979, 'Earth', 16.6822, 280),
(4204, '2159-10-23', 83.4652, 'Earth', 11.8359, 280),
(4205, '2161-05-06', 58.3883, 'Earth', 21.5529, 280),
(4206, '2163-04-29', 19.8086, 'Venus', 11.963, 280),
(4207, '2165-01-04', 52.5925, 'Venus', 19.7074, 280),
(4208, '2168-09-15', 130.831, 'Earth', 15.1283, 280),
(4209, '2170-04-26', 141.075, 'Earth', 27.9465, 280),
(4210, '2177-08-16', 145.961, 'Earth', 16.8986, 280),
(4211, '2184-10-06', 31.5139, 'Venus', 11.5986, 280),
(4212, '2184-12-02', 152.62, 'Earth', 29.083, 280),
(4213, '2186-07-16', 135.557, 'Earth', 15.0373, 280),
(4214, '2193-11-22', 68.0783, 'Earth', 22.4485, 280),
(4215, '2195-06-06', 90.8378, 'Earth', 11.1465, 280),
(4216, '1907-10-11', 34.7887, 'Mars', 18.0795, 281),
(4217, '1914-03-29', 84.3362, 'Earth', 19.8211, 281),
(4218, '1931-04-06', 67.7723, 'Earth', 15.6407, 281),
(4219, '1948-04-05', 68.8018, 'Earth', 15.3983, 281),
(4220, '1965-02-02', 38.3027, 'Mars', 16.2935, 281),
(4221, '1965-04-06', 69.8856, 'Earth', 15.3032, 281),
(4222, '1982-04-05', 70.8089, 'Earth', 15.452, 281),
(4223, '1999-04-01', 73.6802, 'Earth', 17.8564, 281),
(4224, '2016-03-27', 92.2619, 'Earth', 20.2354, 281),
(4225, '2033-03-23', 119.164, 'Earth', 22.6519, 281),
(4226, '2043-08-24', 140.052, 'Earth', 24.2545, 281),
(4227, '2050-03-17', 167.135, 'Earth', 26.4322, 281),
(4228, '2060-08-19', 107.866, 'Earth', 21.6938, 281),
(4229, '2077-08-17', 91.2637, 'Earth', 20.1512, 281),
(4230, '2094-08-13', 75.1264, 'Earth', 18.0439, 281),
(4231, '2111-08-16', 79.215, 'Earth', 18.8827, 281),
(4232, '2128-08-22', 119.103, 'Earth', 22.6619, 281),
(4233, '2135-03-18', 183.904, 'Earth', 27.3356, 281),
(4234, '2145-08-28', 171.746, 'Earth', 26.6634, 281),
(4235, '2152-03-28', 111.209, 'Earth', 20.6974, 281),
(4236, '2169-04-07', 87.8102, 'Earth', 15.115, 281),
(4237, '2186-07-23', 109.105, 'Earth', 10.9654, 281),
(4238, '1909-11-13', 57.2713, 'Venus', 21.1218, 282),
(4239, '1950-07-01', 47.7437, 'Venus', 21.7425, 282),
(4240, '1991-02-14', 53.7873, 'Venus', 23.5888, 282),
(4241, '2005-03-27', 51.4573, 'Venus', 21.3042, 282),
(4242, '2045-11-10', 48.1789, 'Venus', 22.2462, 282),
(4243, '2086-06-25', 57.4677, 'Venus', 24.0719, 282),
(4244, '2100-08-05', 50.8802, 'Venus', 21.3824, 282),
(4245, '2141-03-20', 48.2982, 'Venus', 22.1299, 282),
(4246, '2181-10-31', 54.1289, 'Venus', 23.4363, 282),
(4247, '2195-12-11', 53.0235, 'Venus', 21.3341, 282),
(4248, '1900-05-20', 129.877, 'Earth', 15.3279, 283),
(4249, '1905-12-23', 41.1355, 'Venus', 20.574, 283),
(4250, '1906-11-15', 132.213, 'Earth', 24.3574, 283),
(4251, '1907-11-06', 153.735, 'Earth', 12.3057, 283),
(4252, '1908-02-09', 165.095, 'Earth', 15.423, 283),
(4253, '1909-05-04', 143.82, 'Earth', 17.1997, 283),
(4254, '1910-07-20', 157.567, 'Earth', 23.9229, 283),
(4255, '1912-09-06', 56.5943, 'Venus', 16.4114, 283),
(4256, '1915-11-11', 176.175, 'Earth', 28.1198, 283),
(4257, '1916-11-14', 124.579, 'Earth', 11.8847, 283),
(4258, '1917-01-16', 150.066, 'Earth', 10.2065, 283),
(4259, '1918-04-19', 154.686, 'Earth', 18.6507, 283),
(4260, '1919-07-13', 125.566, 'Earth', 20.3493, 283),
(4261, '1925-11-22', 91.807, 'Earth', 12.1686, 283),
(4262, '1927-04-06', 162.954, 'Earth', 19.5512, 283),
(4263, '1928-07-05', 105.927, 'Earth', 17.0627, 283),
(4264, '1931-10-12', 38.5127, 'Venus', 16.8134, 283),
(4265, '1934-11-25', 65.6012, 'Earth', 14.0005, 283),
(4266, '1936-03-24', 168.35, 'Earth', 19.7966, 283),
(4267, '1937-06-24', 103.329, 'Earth', 14.4554, 283),
(4268, '1943-11-24', 63.4294, 'Earth', 17.0143, 283),
(4269, '1945-03-11', 171.25, 'Earth', 19.3669, 283),
(4270, '1946-06-08', 114.837, 'Earth', 13.8502, 283),
(4271, '1949-05-09', 23.3342, 'Mars', 13.9005, 283),
(4272, '1950-11-15', 29.6002, 'Venus', 18.3876, 283),
(4273, '1952-11-20', 90.917, 'Earth', 20.5118, 283),
(4274, '1953-10-28', 178.397, 'Earth', 12.7728, 283),
(4275, '1954-02-25', 170.716, 'Earth', 18.0426, 283),
(4276, '1955-05-21', 130.063, 'Earth', 15.3279, 283),
(4277, '1961-11-15', 132.488, 'Earth', 24.3386, 283),
(4278, '1962-11-06', 153.593, 'Earth', 12.2923, 283),
(4279, '1963-02-09', 165.006, 'Earth', 15.4333, 283),
(4280, '1964-05-04', 143.986, 'Earth', 17.2216, 283),
(4281, '1965-07-20', 157.033, 'Earth', 23.8283, 283),
(4282, '1969-12-15', 39.7237, 'Venus', 20.3408, 283),
(4283, '1970-11-10', 178.14, 'Earth', 28.2534, 283),
(4284, '1971-11-15', 123.494, 'Earth', 11.8939, 283),
(4285, '1972-01-15', 149.195, 'Earth', 9.82008, 283),
(4286, '1973-04-19', 154.931, 'Earth', 18.7039, 283),
(4287, '1974-07-13', 125.148, 'Earth', 20.2546, 283),
(4288, '1976-08-29', 57.3917, 'Venus', 16.4443, 283),
(4289, '1980-11-22', 91.753, 'Earth', 12.1754, 283),
(4290, '1982-04-06', 162.929, 'Earth', 19.5811, 283),
(4291, '1983-07-06', 105.951, 'Earth', 16.9891, 283),
(4292, '1989-11-25', 65.7138, 'Earth', 14.0471, 283),
(4293, '1991-03-25', 168.264, 'Earth', 19.8224, 283),
(4294, '1992-06-24', 103.664, 'Earth', 14.4263, 283),
(4295, '1995-10-06', 36.9887, 'Venus', 16.9306, 283),
(4296, '1998-11-24', 63.5641, 'Earth', 16.9096, 283),
(4297, '2000-03-11', 171.062, 'Earth', 19.4031, 283),
(4298, '2001-06-08', 114.711, 'Earth', 13.8294, 283),
(4299, '2007-11-21', 91.0603, 'Earth', 20.4767, 283),
(4300, '2008-10-28', 178.484, 'Earth', 12.7924, 283),
(4301, '2009-02-25', 170.646, 'Earth', 18.0632, 283),
(4302, '2010-05-21', 130.159, 'Earth', 15.3413, 283),
(4303, '2014-11-08', 29.8954, 'Venus', 18.3868, 283),
(4304, '2016-11-16', 131.777, 'Earth', 24.2562, 283),
(4305, '2017-11-05', 154.366, 'Earth', 12.3019, 283),
(4306, '2018-02-10', 165.177, 'Earth', 15.5287, 283),
(4307, '2018-12-11', 21.4114, 'Mars', 13.8248, 283),
(4308, '2019-05-05', 143.545, 'Earth', 17.1549, 283),
(4309, '2020-07-21', 158.592, 'Earth', 23.9774, 283),
(4310, '2025-11-11', 176.515, 'Earth', 28.1076, 283),
(4311, '2026-11-14', 124.768, 'Earth', 11.8977, 283),
(4312, '2027-01-17', 150.191, 'Earth', 10.3446, 283),
(4313, '2028-04-20', 154.664, 'Earth', 18.67, 283),
(4314, '2029-07-14', 126.018, 'Earth', 20.3409, 283),
(4315, '2033-12-08', 40.7722, 'Venus', 20.4409, 283),
(4316, '2035-11-23', 92.266, 'Earth', 12.1819, 283),
(4317, '2037-04-06', 162.701, 'Earth', 19.5701, 283),
(4318, '2038-07-06', 106.434, 'Earth', 17.0548, 283),
(4319, '2040-08-23', 55.6568, 'Venus', 16.4759, 283),
(4320, '2044-11-25', 66.4907, 'Earth', 13.9709, 283),
(4321, '2046-03-25', 168.118, 'Earth', 19.847, 283),
(4322, '2047-06-25', 103.852, 'Earth', 14.4526, 283),
(4323, '2053-11-24', 63.9829, 'Earth', 16.8758, 283),
(4324, '2055-03-13', 170.872, 'Earth', 19.4346, 283),
(4325, '2056-06-09', 114.684, 'Earth', 13.8005, 283),
(4326, '2059-09-29', 35.501, 'Venus', 17.0756, 283),
(4327, '2062-11-21', 89.9621, 'Earth', 20.3422, 283),
(4328, '2063-10-29', 179.299, 'Earth', 12.8022, 283),
(4329, '2064-02-27', 170.645, 'Earth', 18.1709, 283),
(4330, '2065-05-22', 129.699, 'Earth', 15.2831, 283),
(4331, '2071-11-17', 131.465, 'Earth', 24.2036, 283),
(4332, '2072-11-05', 154.59, 'Earth', 12.3285, 283),
(4333, '2073-02-10', 165.195, 'Earth', 15.5816, 283),
(4334, '2074-05-05', 143.542, 'Earth', 17.1739, 283),
(4335, '2075-07-22', 158.821, 'Earth', 23.9776, 283),
(4336, '2078-10-31', 30.1571, 'Venus', 18.3496, 283),
(4337, '2080-11-11', 176.536, 'Earth', 28.0879, 283),
(4338, '2081-11-14', 125.287, 'Earth', 11.8913, 283),
(4339, '2082-01-18', 150.534, 'Earth', 10.4963, 283),
(4340, '2083-04-21', 154.411, 'Earth', 18.653, 283),
(4341, '2084-07-14', 126.845, 'Earth', 20.4061, 283),
(4342, '2088-07-14', 19.7236, 'Mars', 13.7649, 283),
(4343, '2090-11-23', 92.9281, 'Earth', 12.1648, 283),
(4344, '2092-04-06', 162.572, 'Earth', 19.563, 283),
(4345, '2093-07-06', 106.689, 'Earth', 17.0356, 283),
(4346, '2097-12-02', 42.6784, 'Venus', 20.6501, 283),
(4347, '2099-11-26', 66.7855, 'Earth', 13.9946, 283),
(4348, '2101-03-26', 168.015, 'Earth', 19.8372, 283),
(4349, '2102-06-27', 104.093, 'Earth', 14.435, 283),
(4350, '2104-08-18', 53.8189, 'Venus', 16.5062, 283),
(4351, '2108-11-25', 64.6272, 'Earth', 16.9239, 283),
(4352, '2110-03-13', 170.821, 'Earth', 19.4247, 283),
(4353, '2111-06-10', 115.228, 'Earth', 13.8147, 283),
(4354, '2117-11-22', 91.3338, 'Earth', 20.4361, 283),
(4355, '2118-10-30', 178.614, 'Earth', 12.7831, 283),
(4356, '2119-02-28', 170.407, 'Earth', 18.133, 283),
(4357, '2120-05-22', 130.119, 'Earth', 15.314, 283),
(4358, '2123-09-23', 36.6748, 'Venus', 17.0231, 283),
(4359, '2126-11-18', 132.387, 'Earth', 24.2409, 283),
(4360, '2127-11-07', 154.136, 'Earth', 12.3239, 283),
(4361, '2128-02-12', 164.978, 'Earth', 15.5636, 283),
(4362, '2129-05-06', 143.866, 'Earth', 17.2275, 283),
(4363, '2130-07-23', 158.397, 'Earth', 23.8872, 283),
(4364, '2135-11-13', 178.505, 'Earth', 28.2128, 283),
(4365, '2136-11-16', 123.901, 'Earth', 11.8978, 283),
(4366, '2137-01-17', 149.462, 'Earth', 10.0236, 283),
(4367, '2138-04-21', 154.844, 'Earth', 18.7369, 283),
(4368, '2139-07-16', 125.414, 'Earth', 20.1678, 283),
(4369, '2142-10-24', 30.3832, 'Venus', 18.1221, 283),
(4370, '2145-11-24', 91.0322, 'Earth', 12.2211, 283),
(4371, '2147-04-08', 162.966, 'Earth', 19.628, 283),
(4372, '2148-07-06', 106.197, 'Earth', 16.7983, 283),
(4373, '2154-11-27', 65.7305, 'Earth', 14.2406, 283),
(4374, '2156-03-25', 168.239, 'Earth', 19.8306, 283),
(4375, '2157-06-25', 105.039, 'Earth', 14.2176, 283),
(4376, '2158-02-17', 18.5372, 'Mars', 13.74, 283),
(4377, '2161-11-25', 41.1015, 'Venus', 20.3933, 283),
(4378, '2163-11-26', 67.0856, 'Earth', 17.3289, 283),
(4379, '2165-03-12', 170.892, 'Earth', 19.3298, 283),
(4380, '2166-06-08', 117.104, 'Earth', 13.923, 283),
(4381, '2168-08-09', 56.5549, 'Venus', 16.5285, 283),
(4382, '2172-11-22', 96.5461, 'Earth', 20.8978, 283),
(4383, '2173-10-31', 175.526, 'Earth', 12.7447, 283),
(4384, '2174-02-26', 169.932, 'Earth', 17.8693, 283),
(4385, '2175-05-21', 132.306, 'Earth', 15.585, 283),
(4386, '2176-07-28', 191.35, 'Earth', 27.067, 283),
(4387, '2181-11-17', 139.208, 'Earth', 24.8078, 283),
(4388, '2182-11-09', 150.183, 'Earth', 12.2377, 283),
(4389, '2183-02-09', 163.519, 'Earth', 15.0688, 283),
(4390, '2184-05-04', 145.567, 'Earth', 17.4641, 283),
(4391, '2185-07-22', 153.598, 'Earth', 23.3706, 283),
(4392, '2187-09-12', 42.4942, 'Venus', 16.7495, 283),
(4393, '2190-11-12', 184.769, 'Earth', 28.7199, 283),
(4394, '2191-11-18', 119.642, 'Earth', 11.8824, 283),
(4395, '2193-04-19', 156.093, 'Earth', 18.9121, 283),
(4396, '2194-07-15', 122.12, 'Earth', 19.6851, 283),
(4397, '2200-11-26', 86.7173, 'Earth', 12.4196, 283),
(4398, '1912-12-09', 175.492, 'Earth', 33.8146, 284),
(4399, '1920-06-12', 173.061, 'Earth', 24.6627, 284),
(4400, '1933-06-15', 172.135, 'Earth', 22.2804, 284),
(4401, '1946-06-16', 191.208, 'Earth', 20.695, 284),
(4402, '1946-11-12', 136.403, 'Earth', 21.6421, 284),
(4403, '1959-11-17', 76.7976, 'Earth', 23.0738, 284),
(4404, '1972-11-21', 40.0218, 'Earth', 25.1545, 284),
(4405, '1985-11-27', 71.2148, 'Earth', 27.8281, 284),
(4406, '1998-12-04', 131.461, 'Earth', 31.1801, 284),
(4407, '2006-06-10', 192.492, 'Earth', 26.8141, 284),
(4408, '2019-06-14', 175.196, 'Earth', 23.9983, 284),
(4409, '2032-06-15', 178.342, 'Earth', 21.8764, 284),
(4410, '2032-11-08', 182.609, 'Earth', 21.1484, 284),
(4411, '2045-11-13', 118.138, 'Earth', 22.0427, 284),
(4412, '2058-11-18', 59.6309, 'Earth', 23.7672, 284),
(4413, '2071-11-24', 45.051, 'Earth', 26.0224, 284),
(4414, '2084-11-29', 93.4092, 'Earth', 28.969, 284),
(4415, '2097-12-06', 157.623, 'Earth', 32.5562, 284),
(4416, '2105-06-12', 188.495, 'Earth', 25.8273, 284),
(4417, '2118-06-15', 177.753, 'Earth', 23.1617, 284),
(4418, '2131-06-17', 187.43, 'Earth', 21.3354, 284),
(4419, '2131-11-12', 152.621, 'Earth', 21.5119, 284),
(4420, '2144-11-16', 89.4673, 'Earth', 22.7669, 284),
(4421, '2157-11-21', 44.562, 'Earth', 24.7414, 284),
(4422, '2170-11-27', 63.9865, 'Earth', 27.2478, 284),
(4423, '2183-12-04', 124.405, 'Earth', 30.5734, 284),
(4424, '2196-12-10', 190.076, 'Earth', 34.3162, 284),
(4425, '1906-03-06', 9.85427, 'Earth', 15.121, 285),
(4426, '1927-05-03', 769.991, 'Juptr', 8.32365, 285),
(4427, '1939-03-02', 693.811, 'Juptr', 7.58241, 285),
(4428, '1949-03-18', 70.7072, 'Earth', 16.3844, 285),
(4429, '1951-01-10', 683.772, 'Juptr', 7.48187, 285),
(4430, '1953-03-04', 20.7335, 'Earth', 13.9382, 285),
(4431, '1957-02-23', 36.4018, 'Earth', 13.6629, 285),
(4432, '1961-02-10', 88.4965, 'Earth', 14.7354, 285),
(4433, '1962-12-07', 746.752, 'Juptr', 7.98262, 285),
(4434, '1965-02-11', 97.1979, 'Earth', 14.6513, 285),
(4435, '1969-02-13', 87.2029, 'Earth', 14.3346, 285),
(4436, '1973-02-13', 89.8017, 'Earth', 14.3685, 285),
(4437, '1977-02-20', 60.4291, 'Earth', 13.2874, 285),
(4438, '1981-03-02', 32.3672, 'Earth', 13.3079, 285),
(4439, '1985-03-09', 58.6398, 'Earth', 14.3769, 285),
(4440, '1989-03-20', 134.656, 'Earth', 17.7137, 285),
(4441, '2058-02-07', 141.87, 'Earth', 15.854, 285),
(4442, '2062-02-24', 52.1053, 'Earth', 13.0147, 285),
(4443, '2066-03-12', 77.904, 'Earth', 14.8786, 285),
(4444, '2070-03-26', 160.437, 'Earth', 19.52, 285),
(4445, '2092-09-17', 735.587, 'Juptr', 8.49814, 285),
(4446, '2104-08-20', 677.828, 'Juptr', 8.04255, 285),
(4447, '2110-03-21', 84.2436, 'Earth', 16.8451, 285),
(4448, '2114-02-25', 30.3024, 'Earth', 14.0848, 285),
(4449, '2116-07-03', 679.887, 'Juptr', 8.10518, 285),
(4450, '2118-01-24', 152.135, 'Earth', 19.0293, 285),
(4451, '2128-04-24', 749.64, 'Juptr', 8.76822, 285),
(4452, '2153-03-14', 39.389, 'Earth', 16.1259, 285),
(4453, '2180-04-01', 105.805, 'Earth', 19.2901, 285),
(4454, '1905-08-25', 151.654, 'Earth', 6.9574, 286),
(4455, '1929-08-22', 130.714, 'Earth', 6.94798, 286),
(4456, '1953-08-21', 122.523, 'Earth', 6.97011, 286),
(4457, '1977-08-22', 125.998, 'Earth', 7.02556, 286),
(4458, '2001-08-24', 138.646, 'Earth', 7.10236, 286),
(4459, '2025-08-26', 149.888, 'Earth', 7.16081, 286),
(4460, '2049-08-26', 153.192, 'Earth', 7.19052, 286),
(4461, '2073-08-26', 152.983, 'Earth', 7.2226, 286),
(4462, '2097-08-27', 156.737, 'Earth', 7.27679, 286),
(4463, '2121-09-01', 174.982, 'Earth', 7.29309, 286),
(4464, '2162-08-14', 168.943, 'Earth', 9.48274, 286),
(4465, '2186-08-16', 146.759, 'Earth', 8.92301, 286),
(4466, '1926-09-28', 43.873, 'Earth', 15.2345, 287),
(4467, '1989-10-10', 55.5804, 'Earth', 14.5234, 287),
(4468, '2030-10-06', 34.8797, 'Earth', 14.4472, 287),
(4469, '2071-10-07', 40.6072, 'Earth', 14.4168, 287),
(4470, '2131-09-24', 73.6173, 'Earth', 16.4048, 287),
(4471, '2172-10-02', 28.3751, 'Earth', 14.7525, 287),
(4472, '1908-04-11', 160.475, 'Earth', 13.2592, 288),
(4473, '1908-07-19', 161.379, 'Earth', 3.67993, 288),
(4474, '1913-02-09', 168.619, 'Earth', 4.93039, 288),
(4475, '1913-06-16', 165.076, 'Earth', 15.1368, 288),
(4476, '1925-06-07', 101.629, 'Earth', 10.7104, 288),
(4477, '1937-05-28', 47.9274, 'Earth', 7.2023, 288),
(4478, '1949-05-22', 25.5047, 'Earth', 5.73787, 288),
(4479, '1961-05-19', 25.4681, 'Earth', 5.42006, 288),
(4480, '1973-05-12', 42.331, 'Earth', 5.55347, 288),
(4481, '1985-04-28', 91.7156, 'Earth', 8.19873, 288),
(4482, '1997-04-14', 154.564, 'Earth', 12.824, 288),
(4483, '1997-07-17', 157.726, 'Earth', 3.51817, 288),
(4484, '2002-02-09', 171.511, 'Earth', 5.09167, 288),
(4485, '2002-06-18', 170.871, 'Earth', 15.5041, 288),
(4486, '2014-06-08', 106.567, 'Earth', 11.0079, 288),
(4487, '2026-05-30', 51.4116, 'Earth', 7.39081, 288),
(4488, '2038-05-23', 25.8333, 'Earth', 5.77704, 288),
(4489, '2050-05-20', 24.7518, 'Earth', 5.45116, 288),
(4490, '2062-05-14', 37.348, 'Earth', 5.46843, 288),
(4491, '2074-05-01', 83.6508, 'Earth', 7.71376, 288),
(4492, '2086-04-17', 146.406, 'Earth', 12.2327, 288),
(4493, '2086-07-13', 152.293, 'Earth', 3.43291, 288),
(4494, '2091-02-08', 175.295, 'Earth', 5.2966, 288),
(4495, '2091-06-20', 178.425, 'Earth', 15.9941, 288),
(4496, '2098-08-11', 191.639, 'Earth', 5.08733, 288),
(4497, '2103-06-11', 112.616, 'Earth', 11.3794, 288),
(4498, '2115-06-01', 54.2996, 'Earth', 7.54214, 288),
(4499, '2127-05-24', 25.3108, 'Earth', 5.75062, 288),
(4500, '2139-05-20', 26.5891, 'Earth', 5.40421, 288),
(4501, '2151-05-10', 57.6359, 'Earth', 6.26806, 288),
(4502, '2163-04-25', 115.866, 'Earth', 10.038, 288),
(4503, '2168-02-03', 189.331, 'Earth', 6.23936, 288),
(4504, '2175-04-12', 182.204, 'Earth', 14.9808, 288),
(4505, '2175-08-03', 175.491, 'Earth', 4.18554, 288),
(4506, '2180-02-23', 156.975, 'Earth', 3.67168, 288),
(4507, '2180-06-16', 142.748, 'Earth', 13.4145, 288),
(4508, '2192-06-06', 79.2931, 'Earth', 9.07852, 288);

-- --------------------------------------------------------

--
-- Estructura de tabla para la tabla `Asteroide`
--

CREATE TABLE `Asteroide` (
  `id` bigint NOT NULL,
  `Id_Nasa` bigint DEFAULT NULL,
  `name` varchar(255) DEFAULT NULL,
  `absolute_magnitude` double DEFAULT NULL,
  `diameter_km_average` double DEFAULT NULL,
  `is_potentially_hazardous` tinyint(1) NOT NULL
) ENGINE=InnoDB DEFAULT CHARSET=utf8mb4 COLLATE=utf8mb4_0900_ai_ci;

--
-- Volcado de datos para la tabla `Asteroide`
--

INSERT INTO `Asteroide` (`id`, `Id_Nasa`, `name`, `absolute_magnitude`, `diameter_km_average`, `is_potentially_hazardous`) VALUES
(270, 2000433, '433 Eros (A898 PA)', 10.41, 35.6075929675, 0),
(271, 2000719, '719 Albert (A911 TB)', 15.59, 3.2774993698, 0),
(272, 2000887, '887 Alinda (A918 AA)', 13.84, 7.33740712085, 0),
(273, 2001036, '1036 Ganymed (A924 UB)', 9.2, 62.1645246148, 0),
(274, 2001221, '1221 Amor (1932 EA1)', 17.38, 1.4372840856, 0),
(275, 2001566, '1566 Icarus (1949 MA)', 16.55, 2.1064085885, 1),
(276, 2001580, '1580 Betulia (1950 KA)', 14.68, 4.9835935705, 0),
(277, 2001620, '1620 Geographos (1951 RA)', 15.27, 3.79789205455, 1),
(278, 2001627, '1627 Ivar (1929 SH)', 12.83, 11.68268365175, 0),
(279, 2001685, '1685 Toro (1948 OA)', 14.28, 5.99159730635, 0),
(280, 2001862, '1862 Apollo (1932 HA)', 16.08, 2.61542708465, 1),
(281, 2001863, '1863 Antinous (1948 EA)', 15.45, 3.4957681152, 0),
(282, 2001864, '1864 Daedalus (1971 FA)', 14.86, 4.5871465677, 0),
(283, 2001865, '1865 Cerberus (1971 UA)', 16.79, 1.886004032, 0),
(284, 2001866, '1866 Sisyphus (1972 XA)', 12.5, 13.6001161323, 0),
(285, 2001915, '1915 Quetzalcoatl (1953 EA)', 18.38, 0.90686494995, 0),
(286, 2001916, '1916 Boreas (1953 RA)', 14.95, 4.40091131395, 0),
(287, 2001917, '1917 Cuyo (1968 AA)', 14.41, 5.6434231694, 0),
(288, 2001943, '1943 Anteros (1973 EC)', 15.7, 3.11560661215, 0),
(289, 2001980, '1980 Tezcatlipoca (1950 LA)', 13.84, 7.33740712085, 0);

-- --------------------------------------------------------

--
-- Estructura de tabla para la tabla `Asteroide_SEQ`
--

CREATE TABLE `Asteroide_SEQ` (
  `next_val` bigint DEFAULT NULL
) ENGINE=InnoDB DEFAULT CHARSET=utf8mb4 COLLATE=utf8mb4_0900_ai_ci;

--
-- Volcado de datos para la tabla `Asteroide_SEQ`
--

INSERT INTO `Asteroide_SEQ` (`next_val`) VALUES
(901);

-- --------------------------------------------------------

--
-- Estructura de tabla para la tabla `Usuario`
--

CREATE TABLE `Usuario` (
  `id` int NOT NULL,
  `nombre` varchar(100) NOT NULL,
  `email` varchar(150) NOT NULL,
  `contrasena` varchar(255) NOT NULL,
  `rol` varchar(50) NOT NULL
) ENGINE=InnoDB DEFAULT CHARSET=utf8mb4 COLLATE=utf8mb4_0900_ai_ci;

--
-- Volcado de datos para la tabla `Usuario`
--

INSERT INTO `Usuario` (`id`, `nombre`, `email`, `contrasena`, `rol`) VALUES
(1, 'guido', 'jaja@gmail.com', '$2a$12$w.iovBKzcz41//Oy8p81cuo5O9tmJruWJDm0LT90gvXjqYb/vewbm', 'OBSERVADOR'),
(2, 'guido1', '1233@gmail.com', '$2a$12$3gZHf.gQrGygsehevoY6z.TLnRDc3PJGkCIu8p4wi9SrNfsqNAKUK', 'OBSERVADOR'),
(3, 'marcelo', 'pepe@gmail.com', '$2a$12$gHv4gcIfseXhgjO7bwQiQ.bn0P4pekfCktvaQwFxPZ7mW4gPdIL2G', 'ASTRONOMO'),
(4, 'observador1', 'ob@gmail.com', '$2a$12$Cf5B1HIWr9zXeyNQ.6KBVejoE6V8KMOu3KTwDzd6gREUw.ahsoO9u', 'OBSERVADOR');

--
-- Índices para tablas volcadas
--

--
-- Indices de la tabla `Alumno`
--
ALTER TABLE `Alumno`
  ADD PRIMARY KEY (`id`);

--
-- Indices de la tabla `Aproach`
--
ALTER TABLE `Aproach`
  ADD PRIMARY KEY (`id`),
  ADD KEY `FKevkjsx0i5lwrhwx6hblqusra4` (`asteroid_id`);

--
-- Indices de la tabla `Asteroide`
--
ALTER TABLE `Asteroide`
  ADD PRIMARY KEY (`id`);

--
-- Indices de la tabla `Usuario`
--
ALTER TABLE `Usuario`
  ADD PRIMARY KEY (`id`),
  ADD UNIQUE KEY `email` (`email`);

--
-- AUTO_INCREMENT de las tablas volcadas
--

--
-- AUTO_INCREMENT de la tabla `Aproach`
--
ALTER TABLE `Aproach`
  MODIFY `id` bigint NOT NULL AUTO_INCREMENT, AUTO_INCREMENT=4509;

--
-- AUTO_INCREMENT de la tabla `Asteroide`
--
ALTER TABLE `Asteroide`
  MODIFY `id` bigint NOT NULL AUTO_INCREMENT, AUTO_INCREMENT=290;

--
-- AUTO_INCREMENT de la tabla `Usuario`
--
ALTER TABLE `Usuario`
  MODIFY `id` int NOT NULL AUTO_INCREMENT, AUTO_INCREMENT=5;

--
-- Restricciones para tablas volcadas
--

--
-- Filtros para la tabla `Aproach`
--
ALTER TABLE `Aproach`
  ADD CONSTRAINT `FKevkjsx0i5lwrhwx6hblqusra4` FOREIGN KEY (`asteroid_id`) REFERENCES `Asteroide` (`id`);
COMMIT;

/*!40101 SET CHARACTER_SET_CLIENT=@OLD_CHARACTER_SET_CLIENT */;
/*!40101 SET CHARACTER_SET_RESULTS=@OLD_CHARACTER_SET_RESULTS */;
/*!40101 SET COLLATION_CONNECTION=@OLD_COLLATION_CONNECTION */;
